33860,"Montgomery, AL",96,346575.0,374536.0,19.86
19300,"Daphne-Fairhope-Foley, AL",32,140416.0,182265.0,27.14
21640,"Eufaula, AL-GA",10,31638.0,29970.0,-6.74
13820,"Birmingham-Hoover, AL",264,1051334.0,1128047.0,9.75
,,5605,19153788.0,19511499.0,1.24
11500,"Anniston-Oxford, AL",31,111913.0,118572.0,0.7
46740,"Valley, AL",9,36592.0,34215.0,-8.62
21460,"Enterprise-Ozark, AL",28,92762.0,100199.0,6.94
22520,"Florence-Muscle Shoals, AL",36,142929.0,147137.0,2.41
10760,"Alexander City, AL",13,53622.0,53155.0,-1.28
18980,"Cullman, AL",18,77438.0,80406.0,4.37
42820,"Selma, AL",15,46361.0,43820.0,-5.16
22840,"Fort Payne, AL",14,64433.0,71109.0,9.45
23460,"Gadsden, AL",30,103451.0,104430.0,-1.12
20020,"Dothan, AL",34,130823.0,145639.0,8.8
46220,"Tuscaloosa, AL",56,193119.0,219461.0,14.43
42460,"Scottsboro, AL",11,53882.0,53227.0,-1.83
19460,"Decatur, AL",36,145901.0,153829.0,4.24
12220,"Auburn-Opelika, AL",27,115018.0,140247.0,20.36
26620,"Huntsville, AL",89,342661.0,417593.0,19.32
46260,"Tuskegee, AL",12,24084.0,21452.0,-11.43
10700,"Albertville, AL",18,82308.0,93019.0,12.97
33660,"Mobile, AL",115,399889.0,412992.0,-1.0
45980,"Troy, AL",8,29690.0,32899.0,6.11
17980,"Columbus, GA-AL",78,281870.0,294865.0,3.4
45180,"Talladega-Sylacauga, AL",22,80703.0,82291.0,1.76
11260,"Anchorage, AK",79,319619.0,380821.0,23.31
21820,"Fairbanks, AK",19,82849.0,97581.0,15.51
27940,"Juneau, AK",6,30704.0,31275.0,2.28
28540,"Ketchikan, AK",4,14074.0,13477.0,-4.41
28980,"Kodiak, AK",5,13916.0,13592.0,-6.95
43420,"Sierra Vista-Douglas, AZ",32,117740.0,131346.0,12.06
22380,"Flagstaff, AZ",28,116321.0,134421.0,16.51
37740,"Payson, AZ",16,51301.0,53597.0,5.55
40940,"Safford, AZ",12,42015.0,45657.0,10.29
38060,"Phoenix-Mesa-Glendale, AZ",991,3251885.0,4192887.0,41.51
29420,"Lake Havasu City-Kingman, AZ",43,154975.0,200186.0,28.15
43320,"Show Low, AZ",31,97451.0,107449.0,10.4
46060,"Tucson, AZ",241,843705.0,980263.0,29.15
35700,"Nogales, AZ",10,38379.0,47420.0,18.31
39140,"Prescott, AZ",42,167377.0,211033.0,24.27
49740,"Yuma, AZ",55,159995.0,195751.0,35.33
34260,"Mountain Home, AR",9,38365.0,41513.0,8.46
22220,"Fayetteville-Springdale-Rogers, AR-MO",89,347038.0,463204.0,53.35
25460,"Harrison, AR",9,42545.0,45233.0,5.65
15780,"Camden, AR",8,34506.0,31488.0,-8.42
11660,"Arkadelphia, AR",5,23541.0,22995.0,-1.75
38220,"Pine Bluff, AR",30,107331.0,100258.0,-7.51
31620,"Magnolia, AR",5,25613.0,24552.0,-4.72
27860,"Jonesboro, AR",24,107753.0,121026.0,11.31
22900,"Fort Smith, AR-OK",61,273172.0,298592.0,8.57
32820,"Memphis, TN-MS-AR",312,1205260.0,1316100.0,12.05
30780,"Little Rock-North Little Rock-Conway, AR",164,610465.0,699757.0,16.38
26300,"Hot Springs, AR",20,88131.0,96024.0,6.56
37500,"Paragould, AR",9,37383.0,42090.0,10.44
26260,"Hope, AR",8,33532.0,31606.0,-6.35
12900,"Batesville, AR",8,34237.0,36647.0,7.52
45500,"Texarkana, TX-Texarkana, AR",30,129752.0,136027.0,2.91
14180,"Blytheville, AR",12,51999.0,46480.0,-11.71
25760,"Helena-West Helena, AR",6,26438.0,21757.0,-21.03
40780,"Russellville, AR",17,75601.0,83939.0,10.59
22620,"Forrest City, AR",6,29326.0,28258.0,-6.57
20980,"El Dorado, AR",10,45633.0,41639.0,-9.14
42620,"Searcy, AR",13,67166.0,77076.0,14.58
41860,"San Francisco-Oakland-Fremont, CA",980,4123716.0,4335391.0,6.59
17020,"Chico, CA",51,203125.0,220000.0,13.59
18860,"Crescent City, CA",8,27505.0,28610.0,7.41
40900,"Sacramento--Arden-Arcade--Roseville, CA",486,1796836.0,2149127.0,21.89
23420,"Fresno, CA",199,798753.0,930450.0,30.61
21700,"Eureka-Arcata-Fortuna, CA",31,126509.0,134623.0,6.35
20940,"El Centro, CA",31,142334.0,174528.0,32.19
13860,"Bishop, CA",6,17955.0,18546.0,2.32
12540,"Bakersfield-Delano, CA",151,661632.0,839631.0,34.56
25260,"Hanford-Corcoran, CA",27,129469.0,152982.0,22.0
17340,"Clearlake, CA",15,58331.0,64665.0,10.56
45000,"Susanville, CA",9,33828.0,34895.0,3.99
31100,"Los Angeles-Long Beach-Santa Ana, CA",2929,12365635.0,12828837.0,4.55
31460,"Madera-Chowchilla, CA",23,123179.0,150865.0,22.71
46380,"Ukiah, CA",21,86256.0,87841.0,1.64
32900,"Merced, CA",49,211194.0,255793.0,22.71
41500,"Salinas, CA",94,401750.0,415057.0,3.13
34900,"Napa, CA",40,124344.0,136484.0,18.65
46020,"Truckee-Grass Valley, CA",20,92046.0,98764.0,8.24
40140,"Riverside-San Bernardino-Ontario, CA",822,3254802.0,4224851.0,43.82
41940,"San Jose-Sunnyvale-Santa Clara, CA",383,1735994.0,1836911.0,7.71
41740,"San Diego-Carlsbad-San Marcos, CA",628,2813820.0,3095313.0,10.4
44700,"Stockton, CA",139,563659.0,685306.0,27.96
42020,"San Luis Obispo-Paso Robles, CA",54,246746.0,269637.0,8.24
42060,"Santa Barbara-Santa Maria-Goleta, CA",90,399290.0,423895.0,6.9
42100,"Santa Cruz-Watsonville, CA",53,255619.0,262382.0,3.55
39820,"Redding, CA",48,163246.0,177223.0,9.47
46700,"Vallejo-Fairfield, CA",96,394495.0,413344.0,6.88
42220,"Santa Rosa-Petaluma, CA",100,458586.0,483878.0,4.52
33700,"Modesto, CA",94,446836.0,514453.0,16.06
49700,"Yuba City, CA",35,139196.0,166892.0,25.29
39780,"Red Bluff, CA",11,56060.0,63463.0,12.61
47300,"Visalia-Porterville, CA",78,368025.0,442179.0,21.15
38020,"Phoenix Lake-Cedar Ridge, CA",11,54522.0,55365.0,-3.97
37100,"Oxnard-Thousand Oaks-Ventura, CA",174,753204.0,823318.0,12.53
19740,"Denver-Aurora-Broomfield, CO",621,2179470.0,2543482.0,31.72
14500,"Boulder, CO",68,269794.0,294567.0,21.93
20780,"Edwards, CO",16,49439.0,59507.0,16.93
17820,"Colorado Springs, CO",136,537479.0,645613.0,29.13
15860,"Cañon City, CO",14,46140.0,46824.0,6.52
20420,"Durango, CO",10,43957.0,51334.0,15.21
22660,"Fort Collins-Loveland, CO",73,251491.0,299630.0,28.06
44540,"Sterling, CO",6,20566.0,22709.0,9.76
24300,"Grand Junction, CO",29,116939.0,146723.0,24.33
33940,"Montrose, CO",10,33438.0,41276.0,40.67
22820,"Fort Morgan, CO",8,27172.0,28159.0,2.72
39380,"Pueblo, CO",55,141487.0,159063.0,19.13
43540,"Silverthorne, CO",5,23558.0,27994.0,19.77
24540,"Greeley, CO",77,180760.0,252825.0,74.0
14860,"Bridgeport-Stamford-Norwalk, CT",211,882647.0,916829.0,3.85
25540,"Hartford-West Hartford-East Hartford, CT",290,1148665.0,1212381.0,6.48
45860,"Torrington, CT",51,182154.0,189927.0,4.0
35300,"New Haven-Milford, CT",190,823993.0,862477.0,4.6
35980,"Norwich-New London, CT",66,259092.0,274055.0,7.1
48740,"Willimantic, CT",25,109101.0,118428.0,8.38
20100,"Dover, DE",33,126757.0,162310.0,25.06
37980,"Philadelphia-Camden-Wilmington, PA-NJ-DE-MD",1477,5686329.0,5965343.0,5.58
42580,"Seaford, DE",54,156508.0,197145.0,25.86
47900,"Washington-Arlington-Alexandria, DC-VA-MD-WV",1349,4796439.0,5582170.0,25.05
23540,"Gainesville, FL",61,232392.0,264275.0,14.12
27260,"Jacksonville, FL",262,1122835.0,1345596.0,21.1
37460,"Panama City-Lynn Haven-Panama City Beach, FL",44,148270.0,168852.0,14.19
37340,"Palm Bay-Melbourne-Titusville, FL",114,476301.0,543376.0,12.85
33100,"Miami-Fort Lauderdale-Pompano Beach, FL",1219,5007951.0,5564635.0,17.98
39460,"Punta Gorda, FL",39,141618.0,159978.0,15.22
26140,"Homosassa Springs, FL",28,118103.0,141236.0,20.42
34940,"Naples-Marco Island, FL",74,251408.0,321520.0,25.99
29380,"Lake City, FL",12,56413.0,67531.0,18.65
11580,"Arcadia, FL",9,32204.0,34862.0,7.18
37860,"Pensacola-Ferry Pass-Brent, FL",98,412168.0,448991.0,8.32
37380,"Palm Coast, FL",21,49818.0,95696.0,125.63
45220,"Tallahassee, FL",86,320259.0,367413.0,12.49
48100,"Wauchula, FL",6,26854.0,27731.0,0.05
17500,"Clewiston, FL",7,36190.0,39140.0,8.0
45300,"Tampa-St. Petersburg-Clearwater, FL",746,2396038.0,2783243.0,26.15
42700,"Sebring, FL",27,87393.0,98786.0,7.36
42680,"Sebastian-Vero Beach, FL",31,112879.0,138028.0,16.01
36740,"Orlando-Kissimmee-Sanford, FL",390,1644506.0,2134411.0,33.23
15980,"Cape Coral-Fort Myers, FL",167,440910.0,618754.0,69.8
35840,"North Port-Bradenton-Sarasota, FL",174,590000.0,702281.0,23.3
36100,"Ocala, FL",63,258879.0,331298.0,29.41
38940,"Port St. Lucie, FL",81,319462.0,424107.0,31.17
28580,"Key West, FL",31,79602.0,73090.0,-9.89
18880,"Crestview-Fort Walton Beach-Destin, FL",43,170519.0,180822.0,7.73
36380,"Okeechobee, FL",12,35865.0,39996.0,12.58
29460,"Lakeland-Winter Haven, FL",154,483887.0,602095.0,25.68
37260,"Palatka, FL",17,70418.0,74364.0,5.19
45540,"The Villages, FL",19,53337.0,93420.0,26.53
19660,"Deltona-Daytona Beach-Ormond Beach, FL",114,443387.0,494593.0,14.5
20060,"Douglas, GA",12,45032.0,50731.0,11.35
10500,"Albany, GA",43,157874.0,157308.0,-1.71
33300,"Milledgeville, GA",11,54699.0,55149.0,4.47
12060,"Atlanta-Sandy Springs-Marietta, GA",946,4247614.0,5268860.0,26.74
22340,"Fitzgerald, GA",7,27416.0,27172.0,1.05
31420,"Macon, GA",60,222484.0,232293.0,2.67
15260,"Brunswick, GA",24,93025.0,112370.0,15.41
46660,"Valdosta, GA",34,119576.0,139588.0,16.46
42340,"Savannah, GA",89,293317.0,347611.0,15.29
44340,"Statesboro, GA",12,55958.0,70217.0,24.72
12260,"Augusta-Richmond County, GA-SC",117,499711.0,556877.0,11.2
41220,"St. Marys, GA",11,43660.0,50513.0,13.04
16860,"Chattanooga, TN-GA",119,476605.0,528143.0,9.45
44900,"Summerville, GA",6,25427.0,26015.0,3.79
12020,"Athens-Clarke County, GA",46,166019.0,192541.0,15.31
34220,"Moultrie, GA",10,42048.0,45498.0,7.39
18380,"Cordele, GA",6,22016.0,23439.0,5.92
12460,"Bainbridge, GA",7,28256.0,27842.0,-3.74
40660,"Rome, GA",20,90617.0,96317.0,6.53
15660,"Calhoun, GA",9,44095.0,55186.0,26.49
18460,"Cornelia, GA",8,35886.0,43041.0,20.49
23580,"Gainesville, GA",36,139631.0,179684.0,41.49
47580,"Warner Robins, GA",23,110748.0,139900.0,25.36
20140,"Dublin, GA",16,53392.0,58414.0,10.07
25980,"Hinesville-Fort Stewart, GA",18,71934.0,77917.0,6.91
47080,"Vidalia, GA",9,34366.0,36346.0,5.69
19140,"Dalton, GA",26,120056.0,142227.0,18.31
22980,"Fort Valley, GA",6,23689.0,27695.0,17.02
48180,"Waycross, GA",13,51121.0,55070.0,4.21
16340,"Cedartown, GA",7,38102.0,41475.0,8.93
11140,"Americus, GA",10,36988.0,37829.0,4.79
45740,"Toccoa, GA",5,25435.0,26175.0,3.31
45620,"Thomasville, GA",11,42798.0,44720.0,3.1
45700,"Tifton, GA",9,38373.0,40118.0,2.95
29300,"LaGrange, GA",14,58759.0,67044.0,15.81
45580,"Thomaston, GA",7,27761.0,27153.0,-1.42
27700,"Jesup, GA",6,26571.0,30099.0,13.91
25900,"Hilo, HI",50,148641.0,185079.0,15.91
26180,"Honolulu, HI",244,876177.0,953207.0,12.67
28180,"Kapaa, HI",17,58444.0,67091.0,10.48
27980,"Kahului-Wailuku, HI",38,128090.0,154834.0,18.68
14260,"Boise City-Nampa, ID",95,464868.0,616561.0,34.44
38540,"Pocatello, ID",24,83101.0,90656.0,7.11
13940,"Blackfoot, ID",8,41736.0,45607.0,8.06
26820,"Idaho Falls, ID",25,101664.0,130374.0,31.15
15420,"Burley, ID",11,41567.0,43021.0,3.82
34300,"Mountain Home, ID",5,29116.0,27038.0,-2.97
30860,"Logan, UT-ID",28,102722.0,125442.0,37.58
39940,"Rexburg, ID",9,39304.0,50778.0,29.74
46300,"Twin Falls, ID",19,82687.0,99604.0,17.98
17660,"Coeur d'Alene, ID",25,108681.0,138494.0,21.3
34140,"Moscow, ID",7,34925.0,37244.0,6.38
30300,"Lewiston, ID-WA",16,57971.0,60888.0,4.25
36620,"Ontario, OR-ID",12,52202.0,53936.0,2.17
27220,"Jackson, WY-ID",5,24261.0,31464.0,24.82
39500,"Quincy, IL-MO",22,78750.0,77314.0,-2.34
16020,"Cape Girardeau-Jackson, MO-IL",23,90286.0,96275.0,3.82
41180,"St. Louis, MO-IL",620,2698863.0,2812896.0,6.79
40420,"Rockford, IL",84,320228.0,349431.0,6.5
36860,"Ottawa-Streator, IL",40,153180.0,154908.0,0.89
16580,"Champaign-Urbana, IL",52,210299.0,231891.0,13.05
45380,"Taylorville, IL",10,35385.0,34800.0,-1.91
16660,"Charleston-Mattoon, IL",15,64521.0,64921.0,0.7
16980,"Chicago-Joliet-Naperville, IL-IN-WI",2215,9098960.0,9461105.0,4.83
20820,"Effingham, IL",8,34267.0,34242.0,0.0
15900,"Canton, IL",12,38244.0,37069.0,-3.32
34500,"Mount Vernon, IL",14,48664.0,47284.0,-3.39
15460,"Burlington, IA-IL",14,50529.0,47656.0,-5.43
19340,"Davenport-Moline-Rock Island, IA-IL",104,376068.0,379690.0,1.11
16060,"Carbondale, IL",14,59610.0,60218.0,2.7
28100,"Kankakee-Bradley, IL",29,103825.0,113449.0,10.33
23660,"Galesburg, IL",21,74578.0,70626.0,-5.13
19940,"Dixon, IL",9,36062.0,36031.0,-0.85
38700,"Pontiac, IL",10,39735.0,38950.0,-2.22
30660,"Lincoln, IL",8,31199.0,30305.0,-3.01
31380,"Macomb, IL",10,32908.0,32612.0,-2.14
14060,"Bloomington-Normal, IL",41,150378.0,169572.0,13.64
19500,"Decatur, IL",34,114690.0,110768.0,-4.3
16460,"Centralia, IL",12,41678.0,39437.0,-5.34
37900,"Peoria, IL",94,366909.0,379186.0,2.02
37140,"Paducah, KY-IL",26,98773.0,98762.0,-1.98
44100,"Springfield, IL",56,201457.0,210170.0,3.55
27300,"Jacksonville, IL",12,42164.0,40902.0,-2.41
40300,"Rochelle, IL",11,51001.0,53497.0,4.38
25380,"Harrisburg, IL",9,26754.0,24913.0,-6.64
23300,"Freeport, IL",13,48995.0,47711.0,-2.47
19180,"Danville, IL",24,83929.0,81625.0,-2.9
44580,"Sterling, IL",18,60662.0,58498.0,-3.11
32060,"Marion-Herrin, IL",15,61301.0,66357.0,8.46
19540,"Decatur, IN",7,33605.0,34387.0,2.32
23060,"Fort Wayne, IN",110,390094.0,416257.0,8.72
18020,"Columbus, IN",15,71470.0,76794.0,7.26
29140,"Lafayette, IN",47,178550.0,201789.0,12.62
26900,"Indianapolis-Carmel, IN",360,1525125.0,1756241.0,13.07
30900,"Logansport, IN",11,40926.0,38966.0,-4.72
31140,"Louisville/Jefferson County, KY-IN",318,1164039.0,1283566.0,11.13
45460,"Terre Haute, IN",44,170953.0,172425.0,-0.06
23140,"Frankfort, IN",8,33879.0,33224.0,-2.39
47780,"Washington, IN",7,29815.0,31648.0,4.51
17140,"Cincinnati-Middletown, OH-KY-IN",501,2009659.0,2130151.0,5.93
24700,"Greensburg, IN",6,24555.0,25740.0,4.36
12140,"Auburn, IN",9,40303.0,42223.0,4.92
34620,"Muncie, IN",30,118764.0,117671.0,-1.48
27540,"Jasper, IN",11,52817.0,54734.0,3.07
21140,"Elkhart-Goshen, IN",36,182788.0,197559.0,7.66
18220,"Connersville, IN",7,25589.0,24277.0,-4.35
21780,"Evansville, IN-KY",89,342825.0,358676.0,1.97
31980,"Marion, IN",16,73408.0,70061.0,-5.25
14020,"Bloomington, IN",45,175485.0,192714.0,11.99
35220,"New Castle, IN",13,48512.0,49462.0,1.84
29020,"Kokomo, IN",24,101562.0,98688.0,-2.94
26540,"Huntington, IN",9,38081.0,37124.0,-2.78
42980,"Seymour, IN",10,41397.0,42376.0,0.6
31500,"Madison, IN",7,31712.0,32428.0,1.06
35860,"North Vernon, IN",6,27558.0,28525.0,2.64
47180,"Vincennes, IN",10,39263.0,38440.0,-2.9
47700,"Warsaw, IN",19,74052.0,77358.0,3.48
33140,"Michigan City-La Porte, IN",29,110102.0,111467.0,-0.55
13260,"Bedford, IN",10,45912.0,46134.0,-0.7
11300,"Anderson, IN",37,133321.0,131636.0,1.21
38500,"Plymouth, IN",12,45126.0,47051.0,4.35
37940,"Peru, IN",10,36085.0,36903.0,14.45
18820,"Crawfordsville, IN",9,37634.0,38124.0,1.51
28340,"Kendallville, IN",10,46468.0,47536.0,1.89
43780,"South Bend-Mishawaka, IN-MI",86,316670.0,319224.0,-0.66
42500,"Scottsburg, IN",5,22976.0,24181.0,5.11
11420,"Angola, IN",9,33233.0,34185.0,2.76
47340,"Wabash, IN",8,34968.0,32888.0,-5.96
39980,"Richmond, IN",17,71094.0,68917.0,-2.68
16300,"Cedar Rapids, IA",57,237266.0,257940.0,6.53
47940,"Waterloo-Cedar Falls, IA",50,163718.0,167819.0,1.37
14340,"Boone, IA",7,26206.0,26306.0,0.48
44740,"Storm Lake, IA",6,20417.0,20260.0,-3.52
32380,"Mason City, IA",14,54360.0,51749.0,-5.23
43980,"Spencer, IA",4,17369.0,16667.0,-5.72
17540,"Clinton, IA",12,50157.0,49116.0,-2.97
19780,"Des Moines-West Des Moines, IA",131,481396.0,569633.0,16.38
44020,"Spirit Lake, IA",5,16429.0,16667.0,0.91
20220,"Dubuque, IA",26,89133.0,93653.0,5.11
36540,"Omaha-Council Bluffs, NE-IA",255,767186.0,865350.0,22.97
35500,"Newton, IA",9,37229.0,36842.0,-0.39
26980,"Iowa City, IA",29,131662.0,152586.0,12.96
22800,"Fort Madison-Keokuk, IA-MO",14,45481.0,43001.0,-5.78
34700,"Muscatine, IA",13,53906.0,54132.0,0.15
36820,"Oskaloosa, IA",7,22319.0,22381.0,0.41
37800,"Pella, IA",8,32048.0,33309.0,2.04
32260,"Marshalltown, IA",10,39332.0,40648.0,3.01
11180,"Ames, IA",20,79988.0,89542.0,7.85
36900,"Ottumwa, IA",11,36067.0,35625.0,-1.24
22700,"Fort Dodge, IA",12,40230.0,38013.0,-6.48
43580,"Sioux City, IA-NE-SD",35,143000.0,143577.0,-0.52
11860,"Atchison, KS",4,16783.0,16924.0,-0.83
24460,"Great Bend, KS",8,28200.0,27674.0,-1.62
48620,"Wichita, KS",149,571176.0,623061.0,10.37
21380,"Emporia, KS",9,38964.0,36480.0,-6.15
49060,"Winfield, KS",11,36311.0,36311.0,-0.45
38260,"Pittsburg, KS",11,38246.0,39134.0,1.32
41140,"St. Joseph, MO-KS",34,123850.0,127329.0,2.71
29940,"Lawrence, KS",22,99953.0,110826.0,12.93
25700,"Hays, KS",6,27506.0,28452.0,3.45
23780,"Garden City, KS",12,40517.0,36776.0,-9.56
19980,"Dodge City, KS",7,32448.0,33848.0,1.46
28140,"Kansas City, MO-KS",535,1836575.0,2035334.0,21.47
31740,"Manhattan, KS",26,109017.0,127081.0,14.75
45820,"Topeka, KS",57,224571.0,233870.0,3.17
37660,"Parsons, KS",8,22821.0,21607.0,-6.05
32700,"McPherson, KS",7,29560.0,29180.0,-1.65
17700,"Coffeyville, KS",13,36267.0,35471.0,-3.23
41460,"Salina, KS",14,59763.0,61697.0,3.71
26740,"Hutchinson, KS",17,64797.0,64511.0,-0.84
30580,"Liberal, KS",5,22522.0,22952.0,0.94
23180,"Frankfort, KY",16,66794.0,70706.0,4.3
23980,"Glasgow, KY",13,48067.0,52272.0,9.04
34460,"Mount Sterling, KY",11,40172.0,44396.0,11.15
33180,"Middlesborough, KY",9,30049.0,28691.0,-4.19
30460,"Lexington-Fayette, KY",129,408395.0,472099.0,29.55
26580,"Huntington-Ashland, WV-KY-OH",78,288662.0,287702.0,-0.86
19220,"Danville, KY",13,51013.0,53174.0,5.01
34660,"Murray, KY",9,34182.0,37191.0,7.55
17300,"Clarksville, TN-KY",68,232092.0,273949.0,35.05
36980,"Owensboro, KY",29,109860.0,114752.0,3.49
14540,"Bowling Green, KY",28,104185.0,125953.0,22.92
46460,"Union City, TN-KY",12,40217.0,38620.0,-3.82
32460,"Mayfield, KY",9,37026.0,37121.0,0.39
21060,"Elizabethtown, KY",26,105982.0,119736.0,10.39
31580,"Madisonville, KY",12,46519.0,46920.0,0.25
30940,"London, KY",13,52710.0,58849.0,13.11
32500,"Maysville, KY",9,30902.0,31360.0,2.04
40080,"Richmond-Berea, KY",23,87462.0,99972.0,15.16
16420,"Central City, KY",9,31841.0,31499.0,-1.61
43700,"Somerset, KY",14,56277.0,63063.0,10.87
15820,"Campbellsville, KY",5,22887.0,24512.0,6.78
18340,"Corbin, KY",8,35878.0,35637.0,-2.08
18940,"Crowley, LA",12,58822.0,61773.0,5.52
12940,"Baton Rouge, LA",151,706119.0,802484.0,11.56
38200,"Pierre Part, LA",6,23343.0,23421.0,-0.13
19760,"DeRidder, LA",7,32948.0,35654.0,6.91
43340,"Shreveport-Bossier City, LA",93,375981.0,398604.0,1.86
29340,"Lake Charles, LA",47,193570.0,199607.0,-0.95
35020,"Natchez, MS-LA",14,54560.0,53119.0,-4.32
10780,"Alexandria, LA",38,145088.0,153922.0,9.01
35340,"New Iberia, LA",16,73265.0,73240.0,-0.77
40820,"Ruston, LA",15,57911.0,63009.0,8.2
35380,"New Orleans-Metairie-Kenner, LA",398,1316534.0,1167764.0,-12.28
27660,"Jennings, LA",7,31434.0,31594.0,-0.18
29180,"Lafayette, LA",54,238774.0,273738.0,10.86
26380,"Houma-Bayou Cane-Thibodaux, LA",46,194517.0,208178.0,6.19
45260,"Tallulah, LA",5,13724.0,12093.0,-12.11
12820,"Bastrop, LA",8,31037.0,27979.0,-9.95
35060,"Natchitoches, LA",9,39077.0,39566.0,0.08
33740,"Monroe, LA",46,170050.0,176441.0,6.16
36660,"Opelousas-Eunice, LA",19,87669.0,83384.0,-3.89
34020,"Morgan City, LA",17,53539.0,54650.0,1.6
25220,"Hammond, LA",20,100480.0,121097.0,18.73
10020,"Abbeville, LA",13,54116.0,57999.0,4.1
22860,"Fort Polk South, LA",12,52539.0,52334.0,-1.82
14220,"Bogalusa, LA",11,43943.0,47168.0,6.89
33380,"Minden, LA",11,41814.0,41207.0,-1.39
30340,"Lewiston-Auburn, ME",28,103812.0,107702.0,3.7
38860,"Portland-South Portland-Biddeford, ME",117,487501.0,514098.0,5.77
12300,"Augusta-Waterville, ME",31,117076.0,122151.0,4.61
40500,"Rockland, ME",11,39631.0,39736.0,-0.33
12620,"Bangor, ME",46,144881.0,153923.0,5.62
19060,"Cumberland, MD-WV",30,102002.0,103299.0,0.66
12580,"Baltimore-Towson, MD",683,2553116.0,2710489.0,6.53
15700,"Cambridge, MD",10,30669.0,32618.0,3.57
30500,"Lexington Park, MD",18,86196.0,105151.0,18.11
41540,"Salisbury, MD",27,109380.0,125203.0,11.46
20660,"Easton, MD",11,33806.0,37782.0,12.58
25180,"Hagerstown-Martinsburg, MD-WV",50,222741.0,269140.0,18.35
36180,"Ocean Pines, MD",17,46560.0,51454.0,9.21
12700,"Barnstable Town, MA",57,222235.0,215888.0,-3.66
38340,"Pittsfield, MA",39,134922.0,131219.0,-1.78
39300,"Providence-New Bedford-Fall River, RI-MA",370,1582927.0,1600852.0,0.68
14460,"Boston-Cambridge-Quincy, MA-NH",1007,4392549.0,4552402.0,5.89
44140,"Springfield, MA",157,680070.0,692942.0,1.2
49340,"Worcester, MA",172,750040.0,798552.0,6.05
10880,"Allegan, MI",25,105632.0,111408.0,4.98
10980,"Alpena, MI",10,31297.0,29598.0,-5.25
24340,"Grand Rapids-Wyoming, MI",163,740593.0,774160.0,4.34
13020,"Bay City, MI",27,110269.0,107771.0,-2.16
45900,"Traverse City, MI",35,131331.0,143372.0,6.27
35660,"Niles-Benton Harbor, MI",49,162491.0,156813.0,-3.47
17740,"Coldwater, MI",12,45781.0,45248.0,-1.95
12980,"Battle Creek, MI",39,137992.0,136146.0,-1.78
42300,"Sault Ste. Marie, MI",16,38543.0,38520.0,1.39
29620,"Lansing-East Lansing, MI",131,447844.0,464036.0,2.23
21540,"Escanaba, MI",13,38528.0,37069.0,-3.64
27020,"Iron Mountain, MI-WI",9,32548.0,30591.0,-6.63
22420,"Flint, MI",131,436213.0,425790.0,-2.95
10940,"Alma, MI",10,42289.0,42476.0,1.0
26340,"Houghton, MI",15,38313.0,38784.0,0.56
34380,"Mount Pleasant, MI",15,63334.0,70311.0,10.94
27100,"Jackson, MI",38,158426.0,160248.0,1.72
28020,"Kalamazoo-Portage, MI",73,314835.0,326589.0,2.49
19820,"Detroit-Warren-Livonia, MI",1301,4452777.0,4296250.0,-2.41
10300,"Adrian, MI",23,98971.0,99892.0,-0.51
32100,"Marquette, MI",25,64639.0,67077.0,4.69
13660,"Big Rapids, MI",11,40547.0,42798.0,4.38
31940,"Marinette, WI-MI",21,68712.0,65778.0,-3.61
33220,"Midland, MI",19,82797.0,83629.0,0.54
15620,"Cadillac, MI",12,44948.0,47584.0,4.91
33780,"Monroe, MI",39,145941.0,152021.0,4.62
34740,"Muskegon-Norton Shores, MI",43,170208.0,172188.0,1.41
26100,"Holland-Grand Haven, MI",54,238410.0,263801.0,11.63
40980,"Saginaw-Saginaw Township North, MI",56,210051.0,200169.0,-6.26
44780,"Sturgis, MI",17,62411.0,61295.0,-1.41
37020,"Owosso, MI",17,71695.0,70648.0,-1.72
11460,"Ann Arbor, MI",100,322825.0,344791.0,8.69
33460,"Minneapolis-St. Paul-Bloomington, MN-WI",772,2969254.0,3279833.0,12.5
13420,"Bemidji, MN",10,39638.0,44442.0,10.24
41060,"St. Cloud, MN",38,167443.0,189093.0,13.99
31860,"Mankato-North Mankato, MN",23,85707.0,96740.0,13.68
35580,"New Ulm, MN",8,26916.0,25893.0,-3.85
20260,"Duluth, MN-WI",87,275567.0,279771.0,-0.26
14660,"Brainerd, MN",26,82133.0,91067.0,9.86
22020,"Fargo, ND-MN",46,174398.0,208777.0,16.83
40340,"Rochester, MN",44,163627.0,186011.0,13.82
10820,"Alexandria, MN",9,32806.0,36009.0,10.33
10660,"Albert Lea, MN",10,32585.0,31255.0,-4.12
39860,"Red Wing, MN",10,44142.0,46183.0,4.66
29100,"La Crosse, WI-MN",30,126881.0,133665.0,4.06
48820,"Willmar, MN",12,41193.0,42239.0,1.89
32140,"Marshall, MN",7,25437.0,25857.0,0.64
26780,"Hutchinson, MN",7,34916.0,36651.0,4.57
21860,"Fairmont, MN",6,21804.0,20840.0,-5.21
12380,"Austin, MN",11,38604.0,39163.0,2.39
49380,"Worthington, MN",6,20832.0,21378.0,1.52
22260,"Fergus Falls, MN",17,57083.0,57303.0,0.99
24220,"Grand Forks, ND-MN",28,97489.0,98461.0,0.53
22060,"Faribault-Northfield, MN",13,56663.0,64142.0,14.88
36940,"Owatonna, MN",8,33684.0,36576.0,7.93
47420,"Wahpeton, ND-MN",8,25127.0,22897.0,-8.72
49100,"Winona, MN",10,49996.0,51461.0,3.15
18420,"Corinth, MS",7,34519.0,37057.0,7.53
32620,"McComb, MS",11,52532.0,53535.0,2.4
17380,"Cleveland, MS",8,40619.0,34145.0,-16.39
24900,"Greenwood, MS",10,48702.0,42914.0,-14.24
32940,"Meridian, MS",25,106410.0,107449.0,0.25
48500,"West Point, MS",5,21981.0,20634.0,-6.86
17260,"Clarksdale, MS",7,30617.0,26151.0,-16.27
27140,"Jackson, MS",123,497268.0,539057.0,10.21
25620,"Hattiesburg, MS",28,123925.0,142842.0,12.83
37700,"Pascagoula, MS",34,150666.0,162246.0,3.46
24980,"Grenada, MS",5,23273.0,21906.0,-7.55
25060,"Gulfport-Biloxi, MS",57,246114.0,248820.0,-1.56
46180,"Tupelo, MS",30,125247.0,136268.0,8.56
29860,"Laurel, MS",18,83100.0,84823.0,-0.82
37060,"Oxford, MS",10,38687.0,47351.0,23.28
15020,"Brookhaven, MS",6,33186.0,34869.0,4.9
18060,"Columbus, MS",14,61596.0,59779.0,-3.58
44260,"Starkville, MS",8,42920.0,47671.0,12.49
38100,"Picayune, MS",9,48521.0,55834.0,14.32
26940,"Indianola, MS",7,34382.0,29450.0,-14.35
46980,"Vicksburg, MS",12,49668.0,48773.0,-2.26
24740,"Greenville, MS",19,63039.0,51137.0,-19.88
49540,"Yazoo City, MS",6,28144.0,28065.0,-3.63
28860,"Kirksville, MO",9,29142.0,30038.0,2.8
33020,"Mexico, MO",7,25857.0,25529.0,-0.24
17860,"Columbia, MO",32,145677.0,172786.0,15.55
38740,"Poplar Bluff, MO",10,40864.0,42794.0,3.58
27620,"Jefferson City, MO",31,140049.0,149807.0,6.83
44180,"Springfield, MO",91,368453.0,436712.0,18.84
28380,"Kennett, MO",10,33184.0,31953.0,-3.89
48460,"West Plains, MO",8,37270.0,40400.0,8.4
27900,"Joplin, MO",34,157303.0,175518.0,10.43
47660,"Warrensburg, MO",9,48263.0,52595.0,6.29
30060,"Lebanon, MO",6,32532.0,35571.0,11.38
25300,"Hannibal, MO",11,37899.0,38948.0,2.69
32340,"Maryville, MO",5,21913.0,23370.0,3.51
42740,"Sedalia, MO",11,39418.0,42201.0,6.87
40620,"Rolla, MO",10,39825.0,45156.0,13.06
22780,"Fort Leonard Wood, MO",9,41172.0,52274.0,24.1
33620,"Moberly, MO",6,24663.0,25414.0,3.28
22100,"Farmington, MO",11,55643.0,65359.0,17.93
32180,"Marshall, MO",8,23764.0,23370.0,-1.98
43460,"Sikeston, MO",10,40437.0,39191.0,-2.38
14700,"Branson, MO",16,68284.0,83877.0,22.93
13740,"Billings, MT",37,138892.0,158050.0,13.12
24500,"Great Falls, MT",22,80359.0,81327.0,0.3
28060,"Kalispell, MT",19,74507.0,90928.0,20.13
14580,"Bozeman, MT",22,67841.0,89513.0,34.9
25660,"Havre, MT",6,16673.0,16096.0,-3.02
25740,"Helena, MT",17,65750.0,74801.0,14.75
33540,"Missoula, MT",20,95803.0,109299.0,11.98
15580,"Butte-Silver Bow, MT",8,34629.0,34200.0,-1.2
25580,"Hastings, NE",11,38186.0,37906.0,-2.1
42420,"Scottsbluff, NE",12,37767.0,37660.0,-2.29
28260,"Kearney, NE",13,49122.0,52591.0,6.3
30420,"Lexington, NE",8,26513.0,26370.0,-2.19
23340,"Fremont, NE",9,36150.0,36691.0,1.62
13100,"Beatrice, NE",7,22992.0,22311.0,-2.48
24260,"Grand Island, NE",19,68327.0,72726.0,5.67
30700,"Lincoln, NE",78,266798.0,302157.0,32.35
35820,"North Platte, NE",10,35937.0,37590.0,4.21
35740,"Norfolk, NE",13,49550.0,48271.0,-3.02
18100,"Columbus, NE",7,31574.0,32237.0,1.37
21980,"Fallon, NV",7,23984.0,24877.0,-2.15
29820,"Las Vegas-Paradise, NV",487,1375737.0,1951269.0,46.11
23820,"Gardnerville Ranchos, NV",17,41245.0,46997.0,13.35
21220,"Elko, NV",15,46949.0,50805.0,7.17
22280,"Fernley, NV",10,34503.0,51980.0,56.29
37220,"Pahrump, NV",10,32524.0,43946.0,26.46
39900,"Reno-Sparks, NV",113,342889.0,425417.0,52.9
16180,"Carson City, NV",14,52468.0,55274.0,4.53
29060,"Laconia, NH",15,56266.0,60088.0,5.99
28300,"Keene, NH",16,73809.0,77117.0,4.3
13620,"Berlin, NH-VT",14,39543.0,39361.0,-0.53
30100,"Lebanon, NH-VT",47,167457.0,174724.0,3.91
31700,"Manchester-Nashua, NH",86,380854.0,400721.0,4.73
18180,"Concord, NH",36,136263.0,146445.0,8.01
17200,"Claremont, NH",10,40434.0,43742.0,9.16
12100,"Atlantic City-Hammonton, NJ",70,253208.0,274549.0,4.17
35620,"New York-Northern New Jersey-Long Island, NY-NJ-PA",4543,18324426.0,18897109.0,5.34
36140,"Ocean City, NJ",33,102323.0,97265.0,-6.42
47220,"Vineland-Millville-Bridgeton, NJ",35,146443.0,156898.0,15.77
45940,"Trenton-Ewing, NJ",77,350766.0,366513.0,3.74
10900,"Allentown-Bethlehem-Easton, PA-NJ",179,740329.0,821173.0,11.56
10740,"Albuquerque, NM",203,729723.0,887077.0,29.08
40740,"Roswell, NM",16,61373.0,65645.0,6.44
24380,"Grants, NM",7,25588.0,27213.0,3.85
17580,"Clovis, NM",12,45050.0,48376.0,7.86
29740,"Las Cruces, NM",41,174886.0,209233.0,18.41
16100,"Carlsbad-Artesia, NM",12,51633.0,53829.0,4.0
43500,"Silver City, NM",8,31004.0,29514.0,-6.12
26020,"Hobbs, NM",18,55529.0,64727.0,17.99
40760,"Ruidoso, NM",5,19374.0,20497.0,4.92
31060,"Los Alamos, NM",4,18347.0,17950.0,-2.26
19700,"Deming, NM",6,24986.0,25095.0,0.66
23700,"Gallup, NM",17,74796.0,71492.0,-5.1
10460,"Alamogordo, NM",16,62194.0,63797.0,1.32
21580,"Espanola, NM",9,41172.0,40246.0,-2.11
38780,"Portales, NM",5,18022.0,19846.0,10.11
22140,"Farmington, NM",33,113812.0,130044.0,18.46
29780,"Las Vegas, NM",7,30089.0,29393.0,-2.19
42140,"Santa Fe, NM",50,129301.0,144170.0,16.37
45340,"Taos, NM",6,29987.0,32937.0,8.31
10580,"Albany-Schenectady-Troy, NY",218,825923.0,870716.0,5.73
13780,"Binghamton, NY",65,252298.0,251725.0,0.24
36460,"Olean, NY",21,83870.0,80317.0,-9.48
12180,"Auburn, NY",20,81910.0,80026.0,-1.8
27460,"Jamestown-Dunkirk-Fredonia, NY",36,139703.0,134905.0,-3.08
21300,"Elmira, NY",22,91114.0,88830.0,-3.2
38460,"Plattsburgh, NY",19,79882.0,82128.0,8.82
26460,"Hudson, NY",21,63074.0,63096.0,1.58
18660,"Cortland, NY",12,48704.0,49336.0,1.76
39100,"Poughkeepsie-Newburgh-Middletown, NY",158,621422.0,670301.0,8.3
15380,"Buffalo-Niagara Falls, NY",299,1170021.0,1135509.0,-2.68
31660,"Malone, NY",14,51113.0,51599.0,1.1
24100,"Gloversville, NY",15,55045.0,55531.0,0.45
12860,"Batavia, NY",15,60552.0,60079.0,-2.02
46540,"Utica-Rome, NY",93,300012.0,299397.0,-0.86
48060,"Watertown-Fort Drum, NY",26,111716.0,116229.0,7.73
40380,"Rochester, NY",267,1037929.0,1054323.0,0.05
45060,"Syracuse, NY",186,650142.0,662577.0,1.97
11220,"Amsterdam, NY",16,49643.0,50219.0,1.51
36580,"Oneonta, NY",17,61694.0,62259.0,4.53
36300,"Ogdensburg-Massena, NY",28,111920.0,111944.0,1.52
42900,"Seneca Falls, NY",10,33321.0,35251.0,5.24
18500,"Corning, NY",30,98699.0,98990.0,-0.29
27060,"Ithaca, NY",23,96488.0,101564.0,6.4
28740,"Kingston, NY",47,177727.0,182493.0,1.98
24020,"Glens Falls, NY",36,124290.0,128923.0,2.98
15500,"Burlington, NC",36,130759.0,151131.0,17.01
25860,"Hickory-Lenoir-Morganton, NC",73,341849.0,365497.0,7.01
16740,"Charlotte-Gastonia-Rock Hill, NC-SC",428,1330579.0,1758038.0,48.17
47820,"Washington, NC",11,44923.0,47759.0,6.2
48900,"Wilmington, NC",94,274509.0,362315.0,32.99
11700,"Asheville, NC",105,369177.0,424858.0,15.54
21020,"Elizabeth City, NC",15,53143.0,64094.0,19.98
33980,"Morehead City, NC",39,59334.0,66469.0,7.36
20500,"Durham-Chapel Hill, NC",108,423846.0,504357.0,23.31
43140,"Shelby, NC",22,96120.0,98078.0,2.5
35100,"New Bern, NC",29,114737.0,126802.0,9.49
22180,"Fayetteville, NC",77,336684.0,366383.0,7.48
47260,"Virginia Beach-Norfolk-Newport News, VA-NC",421,1576908.0,1671683.0,10.26
28620,"Kill Devil Hills, NC",11,29959.0,33920.0,9.46
45640,"Thomasville-Lexington, NC",34,147259.0,162878.0,15.24
49180,"Winston-Salem, NC",116,422096.0,477717.0,14.79
40580,"Rocky Mount, NC",32,142991.0,152392.0,9.07
39580,"Raleigh-Cary, NC",224,797178.0,1130490.0,47.65
24780,"Greenville, NC",36,152704.0,189510.0,25.65
24660,"Greensboro-High Point, NC",168,643363.0,723801.0,15.46
40260,"Roanoke Rapids, NC",17,79497.0,76790.0,-2.77
20380,"Dunn, NC",27,90980.0,114678.0,27.7
44380,"Statesville-Mooresville, NC",44,122630.0,159437.0,37.08
41820,"Sanford, NC",13,49196.0,57866.0,16.89
28820,"Kinston, NC",15,59643.0,59495.0,-3.06
30740,"Lincolnton, NC",18,63815.0,78265.0,27.8
43860,"Southern Pines-Pinehurst, NC",18,74777.0,88247.0,17.89
27340,"Jacksonville, NC",32,150410.0,177772.0,16.07
40460,"Rockingham, NC",11,46598.0,46639.0,-0.22
31300,"Lumberton, NC",31,123159.0,134168.0,9.26
41580,"Salisbury, NC",30,130371.0,138428.0,5.16
22580,"Forest City, NC",13,62921.0,67810.0,8.25
29900,"Laurinburg, NC",7,35948.0,36157.0,2.12
10620,"Albemarle, NC",13,58098.0,60585.0,4.66
34340,"Mount Airy, NC",22,71201.0,73673.0,4.0
14820,"Brevard, NC",7,29316.0,33090.0,13.22
25780,"Henderson, NC",10,42955.0,45422.0,3.54
14380,"Boone, NC",13,42684.0,51079.0,17.33
24140,"Goldsboro, NC",26,113440.0,122623.0,6.49
35900,"North Wilkesboro, NC",14,65645.0,69340.0,5.25
48980,"Wilson, NC",19,73811.0,81234.0,7.21
19860,"Dickinson, ND",9,23522.0,24982.0,3.0
13900,"Bismarck, ND",24,94713.0,108779.0,21.73
33500,"Minot, ND",16,67398.0,69540.0,3.55
27420,"Jamestown, ND",6,21912.0,21100.0,-2.23
48780,"Williston, ND",7,19754.0,22398.0,10.86
30620,"Lima, OH",33,108472.0,106331.0,-2.88
11740,"Ashland, OH",11,52522.0,53139.0,-0.04
11780,"Ashtabula, OH",26,102687.0,101497.0,-1.77
11900,"Athens, OH",15,62199.0,64757.0,4.3
47540,"Wapakoneta, OH",11,46228.0,45949.0,-1.12
48540,"Wheeling, WV-OH",47,153207.0,147950.0,-4.83
15940,"Canton-Massillon, OH",93,406975.0,404422.0,-1.05
46500,"Urbana, OH",10,38902.0,40097.0,3.55
44220,"Springfield, OH",44,144741.0,138333.0,-4.57
48940,"Wilmington, OH",9,40468.0,42040.0,3.15
20620,"East Liverpool-Salem, OH",24,112051.0,107841.0,-4.81
18740,"Coshocton, OH",10,36655.0,36901.0,0.09
15340,"Bucyrus, OH",13,46907.0,43784.0,-6.42
17460,"Cleveland-Elyria-Mentor, OH",638,2148018.0,2077240.0,-5.19
24820,"Greenville, OH",12,53312.0,52959.0,-1.27
19580,"Defiance, OH",9,39495.0,39037.0,-1.02
18140,"Columbus, OH",420,1612908.0,1836536.0,16.56
41780,"Sandusky, OH",19,79628.0,77079.0,-3.69
47920,"Washington Court House, OH",7,28471.0,29030.0,1.87
45780,"Toledo, OH",178,659199.0,651429.0,-1.84
38580,"Point Pleasant, WV-OH",13,57003.0,58258.0,2.22
19380,"Dayton, OH",221,848309.0,841502.0,-0.98
15740,"Cambridge, OH",10,40813.0,40087.0,-2.06
22300,"Findlay, OH",13,71293.0,74782.0,5.36
35940,"Norwalk, OH",13,59447.0,59626.0,0.04
44600,"Steubenville-Weirton, OH-WV",37,131980.0,124454.0,-6.29
34540,"Mount Vernon, OH",12,54482.0,60921.0,12.16
13340,"Bellefontaine, OH",11,46004.0,45858.0,-1.84
49660,"Youngstown-Warren-Boardman, OH-PA",155,603044.0,565773.0,-8.02
32020,"Marion, OH",18,66198.0,66501.0,-0.9
16380,"Celina, OH",9,40936.0,40814.0,-0.75
49780,"Zanesville, OH",19,84551.0,86074.0,1.2
10420,"Akron, OH",170,694988.0,703200.0,-0.01
31900,"Mansfield, OH",30,128933.0,124475.0,-4.7
17060,"Chillicothe, OH",17,73395.0,78064.0,5.78
23380,"Fremont, OH",15,61797.0,60944.0,-1.58
39020,"Portsmouth, OH",20,79218.0,79499.0,-0.16
45660,"Tiffin, OH",14,58663.0,56745.0,-3.25
43380,"Sidney, OH",10,48293.0,49423.0,2.48
35420,"New Philadelphia-Dover, OH",21,90921.0,92582.0,2.36
46780,"Van Wert, OH",9,29644.0,28744.0,-3.27
37620,"Parkersburg-Marietta-Vienna, WV-OH",46,164580.0,162056.0,-2.34
49300,"Wooster, OH",32,111555.0,114520.0,1.64
21120,"Elk City, OK",4,19807.0,22119.0,10.14
20460,"Durant, OK",11,36524.0,42416.0,11.43
36420,"Oklahoma City, OK",363,1095553.0,1252987.0,19.45
11620,"Ardmore, OK",14,54444.0,56980.0,2.96
45140,"Tahlequah, OK",9,42467.0,46987.0,10.7
30020,"Lawton, OK",32,114996.0,124098.0,6.06
46140,"Tulsa, OK",272,859626.0,937478.0,11.78
48220,"Weatherford, OK",5,26148.0,27469.0,4.26
21420,"Enid, OK",12,57811.0,60580.0,4.35
11060,"Altus, OK",8,28439.0,26446.0,-6.48
38620,"Ponca City, OK",11,48086.0,46562.0,-3.36
34780,"Muskogee, OK",16,69472.0,70990.0,2.22
33060,"Miami, OK",9,33162.0,31848.0,-2.12
44660,"Stillwater, OK",17,68201.0,77350.0,11.64
32540,"McAlester, OK",13,43944.0,45837.0,5.57
10220,"Ada, OK",10,35146.0,37492.0,5.99
43060,"Shawnee, OK",16,65512.0,69442.0,4.97
20340,"Duncan, OK",11,43204.0,45048.0,3.73
25100,"Guymon, OK",5,20108.0,20640.0,-0.12
12780,"Bartlesville, OK",13,49015.0,50976.0,2.7
49260,"Woodward, OK",5,18489.0,20081.0,8.34
18700,"Corvallis, OR",18,78143.0,85579.0,9.09
38900,"Portland-Vancouver-Hillsboro, OR-WA",491,1927892.0,2226009.0,18.78
11820,"Astoria, OR",12,35636.0,37039.0,4.04
18300,"Coos Bay, OR",14,62795.0,63043.0,0.67
39260,"Prineville, OR",4,19175.0,20978.0,10.44
15060,"Brookings, OR",6,21147.0,22364.0,4.69
13460,"Bend, OR",24,115372.0,157733.0,33.64
40700,"Roseburg, OR",23,100375.0,107667.0,6.13
26220,"Hood River, OR",4,20407.0,22346.0,9.04
32780,"Medford, OR",41,181281.0,203206.0,10.35
24420,"Grants Pass, OR",16,75728.0,82713.0,7.46
28900,"Klamath Falls, OR",20,63771.0,66380.0,3.99
21660,"Eugene-Springfield, OR",87,323010.0,351715.0,9.05
10540,"Albany-Lebanon, OR",21,103075.0,116672.0,11.82
41420,"Salem, OR",70,347262.0,390738.0,10.98
37820,"Pendleton-Hermiston, OR",17,81551.0,87062.0,5.01
29260,"La Grande, OR",8,24522.0,25748.0,5.77
45520,"The Dalles, OR",8,23797.0,25213.0,5.49
23900,"Gettysburg, PA",23,91205.0,101407.0,12.38
38300,"Pittsburgh, PA",711,2431220.0,2356285.0,-4.17
39740,"Reading, PA",90,373626.0,411442.0,9.8
11020,"Altoona, PA",34,129117.0,127089.0,-3.32
42380,"Sayre, PA",14,62754.0,62622.0,-0.37
27780,"Johnstown, PA",42,152564.0,143679.0,-6.92
44300,"State College, PA",31,135664.0,153990.0,13.4
20180,"DuBois, PA",20,83556.0,81642.0,-2.85
30820,"Lock Haven, PA",9,37878.0,39238.0,3.66
14100,"Bloomsburg-Berwick, PA",19,82174.0,85562.0,3.99
32740,"Meadville, PA",23,90335.0,88765.0,-2.13
25420,"Harrisburg-Carlisle, PA",124,509029.0,549475.0,7.27
41260,"St. Marys, PA",9,35159.0,31946.0,-7.49
21500,"Erie, PA",72,280913.0,280566.0,-0.66
16540,"Chambersburg, PA",27,129490.0,149618.0,15.03
26500,"Huntingdon, PA",12,45606.0,45913.0,1.16
26860,"Indiana, PA",23,89573.0,88880.0,-1.38
42540,"Scranton--Wilkes-Barre, PA",170,560790.0,563631.0,-0.92
29540,"Lancaster, PA",98,470782.0,519445.0,10.34
35260,"New Castle, PA",28,94572.0,91108.0,-4.86
30140,"Lebanon, PA",31,120284.0,133568.0,9.3
48700,"Williamsport, PA",29,120003.0,116111.0,-3.23
14620,"Bradford, PA",12,45910.0,43450.0,-5.76
30380,"Lewistown, PA",12,46477.0,46682.0,-0.2
20700,"East Stroudsburg, PA",33,138633.0,169842.0,24.67
44980,"Sunbury, PA",24,94868.0,94528.0,-1.56
39060,"Pottsville, PA",40,150271.0,148289.0,-1.63
42780,"Selinsgrove, PA",8,37506.0,39702.0,5.62
43740,"Somerset, PA",21,80053.0,77742.0,-3.78
30260,"Lewisburg, PA",10,41583.0,44947.0,8.57
36340,"Oil City, PA",16,57509.0,54984.0,-5.2
47620,"Warren, PA",13,43784.0,41815.0,-5.0
49620,"York-Hanover, PA",90,381788.0,434972.0,12.96
11340,"Anderson, SC",39,165834.0,187126.0,13.21
25940,"Hilton Head Island-Beaufort, SC",46,141602.0,187010.0,42.36
16700,"Charleston-North Charleston-Summerville, SC",156,549020.0,664607.0,29.16
17900,"Columbia, SC",191,647219.0,767598.0,20.14
23500,"Gaffney, SC",13,52532.0,55342.0,4.02
16900,"Chester, SC",11,34115.0,33140.0,-2.44
47500,"Walterboro, SC",10,38262.0,38892.0,-1.16
22500,"Florence, SC",49,193160.0,205566.0,7.7
19900,"Dillon, SC",6,30737.0,32062.0,3.51
23860,"Georgetown, SC",15,55822.0,60158.0,9.11
24860,"Greenville-Mauldin-Easley, SC",156,559798.0,636986.0,13.36
24940,"Greenwood, SC",14,66307.0,69661.0,5.25
34820,"Myrtle Beach-North Myrtle Beach-Conway, SC",72,196558.0,269291.0,57.06
29580,"Lancaster, SC",14,61397.0,76652.0,29.67
13500,"Bennettsville, SC",7,28823.0,28933.0,3.57
35140,"Newberry, SC",8,35978.0,37508.0,4.88
42860,"Seneca, SC",15,66199.0,74273.0,12.78
36700,"Orangeburg, SC",20,91512.0,92501.0,0.47
43900,"Spartanburg, SC",69,253942.0,284307.0,10.33
44940,"Sumter, SC",23,104685.0,107456.0,2.03
46420,"Union, SC",9,29940.0,28961.0,-2.76
26700,"Huron, SD",6,17027.0,17398.0,1.4
15100,"Brookings, SD",6,28233.0,31965.0,17.29
10100,"Aberdeen, SD",10,39831.0,40602.0,0.52
46820,"Vermillion, SD",3,13538.0,13864.0,2.48
47980,"Watertown, SD",9,31439.0,33130.0,5.95
33580,"Mitchell, SD",5,21887.0,22835.0,4.31
38180,"Pierre, SD",5,19255.0,19988.0,5.46
43940,"Spearfish, SD",5,21805.0,24097.0,10.72
43620,"Sioux Falls, SD",57,187151.0,228261.0,39.97
39660,"Rapid City, SD",28,112845.0,126382.0,10.89
49460,"Yankton, SD",5,21657.0,22438.0,3.09
28940,"Knoxville, TN",172,616118.0,698030.0,14.32
43180,"Shelbyville, TN",9,37608.0,45058.0,18.57
17420,"Cleveland, TN",24,104012.0,115788.0,9.66
29220,"La Follette, TN",11,39835.0,40716.0,2.38
34980,"Nashville-Davidson--Murfreesboro--Franklin, TN",363,1311864.0,1589934.0,26.49
27740,"Johnson City, TN",44,181590.0,198716.0,8.36
27180,"Jackson, TN",30,107445.0,115425.0,4.81
35460,"Newport, TN",9,33551.0,35662.0,0.49
46100,"Tullahoma, TN",23,93006.0,100210.0,9.11
18900,"Crossville, TN",14,46781.0,56053.0,21.15
20540,"Dyersburg, TN",8,37286.0,38335.0,4.24
26480,"Humboldt, TN",14,48081.0,49683.0,3.49
34100,"Morristown, TN",26,123048.0,136608.0,10.78
24620,"Greeneville, TN",15,62905.0,68831.0,10.95
28700,"Kingsport-Bristol-Bristol, TN-VA",75,298555.0,309544.0,3.84
15140,"Brownsville, TN",6,19790.0,18787.0,-5.41
37540,"Paris, TN",9,31111.0,32330.0,2.27
18260,"Cookeville, TN",26,93426.0,106042.0,11.68
29980,"Lawrenceburg, TN",11,39914.0,41869.0,4.76
11940,"Athens, TN",10,49010.0,52266.0,6.62
30280,"Lewisburg, TN",6,26759.0,30617.0,13.9
17940,"Columbia, TN",17,69544.0,80956.0,18.77
25340,"Harriman, TN",11,51920.0,54181.0,3.66
42940,"Sevierville, TN",18,71202.0,89889.0,19.0
32660,"McMinnville, TN",9,38283.0,39839.0,3.63
32280,"Martin, TN",11,34927.0,35021.0,0.17
37300,"Palestine, TX",11,55114.0,58458.0,7.95
11380,"Andrews, TX",4,13002.0,14786.0,13.71
31260,"Lufkin, TX",17,80123.0,86771.0,8.91
18580,"Corpus Christi, TX",104,403246.0,428185.0,13.54
48660,"Wichita Falls, TX",43,151595.0,151306.0,-0.88
11100,"Amarillo, TX",66,226488.0,249881.0,21.96
41700,"San Antonio-New Braunfels, TX",457,1711575.0,2142508.0,41.27
26420,"Houston-Sugar Land-Baytown, TX",1076,4715716.0,5946800.0,31.5
12420,"Austin-Round Rock-San Marcos, TX",350,1249970.0,1716289.0,48.03
13300,"Beeville, TX",7,32347.0,31861.0,0.55
28660,"Killeen-Temple-Fort Hood, TX",89,330718.0,405300.0,30.95
17780,"College Station-Bryan, TX",52,184859.0,228660.0,44.39
15220,"Brownwood, TX",12,37668.0,38106.0,0.62
31920,"Marble Falls, TX",8,34179.0,42750.0,25.5
47020,"Victoria, TX",31,111645.0,115384.0,2.11
10180,"Abilene, TX",47,160273.0,165252.0,2.2
15180,"Brownsville-Harlingen, TX",87,334884.0,406220.0,20.1
27380,"Jacksonville, TX",12,46712.0,50845.0,8.48
19100,"Dallas-Fort Worth-Arlington, TX",1314,5162013.0,6371773.0,32.86
23620,"Gainesville, TX",8,36366.0,38437.0,4.6
31180,"Lubbock, TX",71,249708.0,284890.0,22.48
29500,"Lamesa, TX",4,14987.0,13833.0,-8.5
25820,"Hereford, TX",4,18565.0,19372.0,4.26
36220,"Odessa, TX",28,121124.0,137130.0,12.98
21340,"El Paso, TX",161,679560.0,800647.0,24.25
44500,"Stephenville, TX",8,32974.0,37890.0,17.8
14300,"Bonham, TX",9,31225.0,33915.0,8.84
23240,"Fredericksburg, TX",5,20806.0,24837.0,21.78
37420,"Pampa, TX",8,23629.0,23464.0,0.52
43300,"Sherman-Denison, TX",26,110574.0,120877.0,7.87
30980,"Longview, TX",45,194044.0,214369.0,9.07
38380,"Plainview, TX",9,36613.0,36273.0,-1.67
13140,"Beaumont-Port Arthur, TX",105,385069.0,388745.0,0.86
32220,"Marshall, TX",14,62096.0,65631.0,5.25
11980,"Athens, TX",17,73138.0,78532.0,6.5
32580,"McAllen-Edinburg-Mission, TX",113,569101.0,774769.0,34.77
30220,"Levelland, TX",7,22721.0,22935.0,-1.05
24180,"Granbury, TX",12,47900.0,59672.0,23.9
44860,"Sulphur Springs, TX",9,31960.0,35161.0,9.4
13700,"Big Spring, TX",10,33630.0,35012.0,1.76
14420,"Borger, TX",7,23861.0,22150.0,-8.41
41660,"San Angelo, TX",26,105780.0,111823.0,2.94
10860,"Alice, TX",7,39343.0,40838.0,2.58
28780,"Kingsville, TX",8,32024.0,32477.0,1.05
28500,"Kerrville, TX",10,43646.0,49625.0,13.07
37580,"Paris, TX",12,48493.0,49793.0,1.82
47380,"Waco, TX",51,213527.0,234906.0,12.68
13060,"Bay City, TX",11,37919.0,36702.0,-2.19
20580,"Eagle Pass, TX",9,47285.0,54258.0,12.11
33260,"Midland, TX",27,116034.0,136872.0,12.24
20300,"Dumas, TX",4,20125.0,21904.0,8.14
34860,"Nacogdoches, TX",13,59197.0,64524.0,8.34
18620,"Corsicana, TX",10,45113.0,47735.0,7.3
45020,"Sweetwater, TX",5,15805.0,15216.0,-4.03
33420,"Mineral Wells, TX",9,27016.0,28111.0,3.3
37780,"Pecos, TX",5,13141.0,13783.0,3.14
43660,"Snyder, TX",4,16366.0,16921.0,1.98
46340,"Tyler, TX",41,174861.0,209714.0,15.95
40100,"Rio Grande City-Roma, TX",15,53573.0,60968.0,15.27
34420,"Mount Pleasant, TX",8,28118.0,32334.0,12.71
46620,"Uvalde, TX",5,25919.0,26405.0,2.7
19620,"Del Rio, TX",10,44834.0,48879.0,-0.78
26660,"Huntsville, TX",10,61763.0,67861.0,10.68
14780,"Brenham, TX",6,30411.0,33718.0,11.1
29700,"Laredo, TX",61,193124.0,250304.0,32.77
20900,"El Campo, TX",11,41190.0,41280.0,-0.26
46900,"Vernon, TX",4,14679.0,13535.0,-10.25
39700,"Raymondville, TX",6,20079.0,22134.0,5.79
14940,"Brigham City, UT",11,42749.0,49975.0,18.19
39220,"Price, UT",5,20529.0,21403.0,4.48
36260,"Ogden-Clearfield, UT",106,442661.0,547184.0,31.43
16260,"Cedar City, UT",8,33793.0,46163.0,40.38
39340,"Provo-Orem, UT",130,376775.0,526810.0,54.06
41620,"Salt Lake City, UT",236,968900.0,1124197.0,19.65
46860,"Vernal, UT",6,25166.0,32588.0,29.46
25720,"Heber, UT",4,15206.0,23530.0,52.1
41100,"St. George, UT",21,90325.0,138115.0,53.23
13540,"Bennington, VT",12,36973.0,37125.0,0.73
15540,"Burlington-South Burlington, VT",47,198902.0,211261.0,4.26
40860,"Rutland, VT",20,63382.0,61642.0,-2.29
12740,"Barre, VT",19,58031.0,59534.0,2.57
16820,"Charlottesville, VA",44,174012.0,201559.0,17.14
40060,"Richmond, VA",305,1097050.0,1258251.0,16.15
31340,"Lynchburg, VA",60,228534.0,252634.0,10.8
44420,"Staunton-Waynesboro, VA",24,108958.0,118502.0,6.84
40220,"Roanoke, VA",65,288375.0,308707.0,7.57
19020,"Culpeper, VA",8,34264.0,46689.0,40.15
49020,"Winchester, VA-WV",24,102997.0,128472.0,24.85
13980,"Blacksburg-Christiansburg-Radford, VA",33,151325.0,162958.0,4.38
32300,"Martinsville, VA",19,73356.0,67972.0,-7.54
19260,"Danville, VA",32,110103.0,106561.0,-7.27
25500,"Harrisonburg, VA",30,108216.0,125228.0,18.51
14140,"Bluefield, WV-VA",27,107575.0,107342.0,-1.19
28420,"Kennewick-Pasco-Richland, WA",50,191853.0,253340.0,35.7
48300,"Wenatchee-East Wenatchee, WA",22,99199.0,110884.0,12.23
38820,"Port Angeles, WA",22,64184.0,71404.0,9.73
31020,"Longview, WA",24,92947.0,102410.0,8.75
34180,"Moses Lake, WA",16,74714.0,89120.0,15.3
10140,"Aberdeen, WA",17,67141.0,72797.0,6.46
36020,"Oak Harbor, WA",22,71571.0,78506.0,7.98
42660,"Seattle-Tacoma-Bellevue, WA",721,3043942.0,3439809.0,18.49
14740,"Bremerton-Silverdale, WA",55,231979.0,251133.0,6.7
21260,"Ellensburg, WA",8,33369.0,40915.0,23.36
16500,"Centralia, WA",20,68580.0,75455.0,9.94
43220,"Shelton, WA",14,49443.0,60699.0,20.2
34580,"Mount Vernon-Anacortes, WA",30,103017.0,116901.0,11.14
44060,"Spokane, WA",105,417964.0,471221.0,13.27
36500,"Olympia, WA",50,207392.0,252264.0,25.29
47460,"Walla Walla, WA",12,55177.0,58781.0,5.83
13380,"Bellingham, WA",34,166822.0,201140.0,22.86
39420,"Pullman, WA",10,40742.0,44776.0,9.07
49420,"Yakima, WA",45,222580.0,243231.0,9.78
16620,"Charleston, WV",79,309652.0,304284.0,-2.63
17220,"Clarksburg, WV",28,92057.0,94196.0,2.31
36060,"Oak Hill, WV",12,47593.0,46039.0,-2.14
21900,"Fairmont, WV",18,56605.0,56418.0,-0.5
34060,"Morgantown, WV",32,111199.0,129709.0,16.53
13220,"Beckley, WV",17,79231.0,78859.0,2.94
24580,"Green Bay, WI",70,282493.0,306241.0,6.16
11540,"Appleton, WI",51,201773.0,225666.0,19.58
20740,"Eau Claire, WI",31,148345.0,161151.0,9.24
31540,"Madison, WI",125,501765.0,568593.0,19.94
13180,"Beaver Dam, WI",20,85860.0,88759.0,3.17
32860,"Menomonie, WI",8,39850.0,43857.0,11.44
22540,"Fond du Lac, WI",20,97284.0,101633.0,2.73
38420,"Platteville, WI",12,49590.0,51208.0,2.87
33820,"Monroe, WI",8,33678.0,36842.0,8.49
48020,"Watertown-Fort Atkinson, WI",20,75851.0,83686.0,10.0
32980,"Merrill, WI",10,29623.0,28743.0,-2.95
31820,"Manitowoc, WI",20,82905.0,81442.0,-2.12
48140,"Wausau, WI",27,125907.0,134063.0,5.17
33340,"Milwaukee-Waukesha-West Allis, WI",431,1500788.0,1555908.0,3.89
44620,"Stevens Point, WI",14,67181.0,70019.0,3.32
39540,"Racine, WI",45,188850.0,195408.0,4.96
27500,"Janesville, WI",38,152313.0,160331.0,4.52
12660,"Baraboo, WI",13,55186.0,61976.0,10.76
43100,"Sheboygan, WI",27,112665.0,115507.0,2.35
48580,"Whitewater, WI",22,91892.0,102228.0,13.06
36780,"Oshkosh-Neenah, WI",41,156749.0,166994.0,4.58
32270,"Marshfield-Wisconsin Rapids, WI",17,75500.0,74749.0,-1.09
29660,"Laramie, WY",10,32031.0,36299.0,12.76
23940,"Gillette, WY",7,33705.0,46133.0,36.62
40180,"Riverton, WY",10,35805.0,40123.0,11.51
16940,"Cheyenne, WY",21,81613.0,91738.0,12.23
16220,"Casper, WY",18,66541.0,75450.0,13.64
43260,"Sheridan, WY",6,26563.0,29116.0,8.6
40540,"Rock Springs, WY",12,37623.0,43806.0,15.73
21740,"Evanston, WY",3,19740.0,21118.0,7.01
10260,"Adjuntas, PR",6,19122.0,19483.0,0.66
10380,"Aguadilla-Isabela-San Sebastián, PR",73,312613.0,306292.0,-2.97
41980,"San Juan-Caguas-Guaynabo, PR",622,2509004.0,2478905.0,-1.86
25020,"Guayama, PR",20,83568.0,84214.0,0.41
41900,"San Germán-Cabo Rojo, PR",31,136202.0,137462.0,-2.59
21940,"Fajardo, PR",21,78526.0,70692.0,-8.46
17620,"Coamo, PR",17,68715.0,71590.0,-0.48
49500,"Yauco, PR",32,118088.0,107333.0,-8.07
32420,"Mayagüez, PR",31,115058.0,106330.0,-8.54
27580,"Jayuya, PR",3,17309.0,16642.0,-4.93
38660,"Ponce, PR",65,264938.0,243147.0,-7.93
42180,"Santa Isabel, PR",6,21662.0,23274.0,6.34
46580,"Utuado, PR",8,35352.0,33149.0,-6.84
